url_path,views_total,views_unique
/ErnakovichLab/dada2_ernakovichlab,73,35
/ErnakovichLab/dada2_ernakovichlab/tree/main/dada2_tutorial_16S_all_files/figure-gfm,12,6
/ErnakovichLab/dada2_ernakovichlab/tree/split_for_premise,9,4
/ErnakovichLab/dada2_ernakovichlab/commit/c9951407e1d5d1db8760fedb37328aa1406a1517,6,1
/ErnakovichLab/dada2_ernakovichlab/blob/main/CITATION.cff,4,2
/ErnakovichLab/dada2_ernakovichlab/blob/main/dada2_tutorial_16S_all.html,3,1
/ErnakovichLab/dada2_ernakovichlab/tree/split_for_premise/R,3,1
/ErnakovichLab/dada2_ernakovichlab/issues,2,2
/ErnakovichLab/dada2_ernakovichlab/issues/13,2,2
/ErnakovichLab/dada2_ernakovichlab/blob/main/dada2_tutorial_16S_all_files/figure-gfm/unnamed-chunk-34-1.png,2,1
